what,kind,bundleId,bundleVersion,description,time
deactivated,workbench,org.eclipse.ui.workbench,3.7.1.v20120104-1859,"",1588605694896
activated,workbench,org.eclipse.ui.workbench,3.7.1.v20120104-1859,"",1588605734646
deactivated,workbench,org.eclipse.ui.workbench,3.7.1.v20120104-1859,"",1588605745732
activated,workbench,org.eclipse.ui.workbench,3.7.1.v20120104-1859,"",1588605752188
executed,command,,,"com.altera.sbtgui.launch.hardware.Nios2HardwareLaunchShortcut.run",1588605752748
error,log,,,"No Byte Stream Services found for Nios II Console View",1588605759608
error,log,,,"Failed Executing: [nios2-download, '--cable=USB-Blaster on localhost [USB-0]', --device=1, --instance=0, --stop, --accept-bad-sysid, --sidp=Not Found] return code: 8",1588605762587
error,log,,,"Failed Executing: [nios2-download, '--cable=USB-Blaster on localhost [USB-0]', --device=1, --instance=0, --go, --accept-bad-sysid, /cygdrive/c/altera/13.0sp1/nios_led/software/uart_handler/uart_handler.elf] return code: 8",1588605767962
error,log,,,"Downloading ELF Process failed",1588605767972
deactivated,workbench,org.eclipse.ui.workbench,3.7.1.v20120104-1859,"",1588605768029
activated,workbench,org.eclipse.ui.workbench,3.7.1.v20120104-1859,"",1588605784455
deactivated,workbench,org.eclipse.ui.workbench,3.7.1.v20120104-1859,"",1588605939486
activated,workbench,org.eclipse.ui.workbench,3.7.1.v20120104-1859,"",1588605976497
deactivated,workbench,org.eclipse.ui.workbench,3.7.1.v20120104-1859,"",1588605980952
activated,workbench,org.eclipse.ui.workbench,3.7.1.v20120104-1859,"",1588606113958
deactivated,workbench,org.eclipse.ui.workbench,3.7.1.v20120104-1859,"",1588606122649
activated,workbench,org.eclipse.ui.workbench,3.7.1.v20120104-1859,"",1588606130513
executed,command,,,"com.altera.sbtgui.launch.hardware.Nios2HardwareLaunchShortcut.run",1588606131066
deactivated,workbench,org.eclipse.ui.workbench,3.7.1.v20120104-1859,"",1588606131156
error,log,,,"No Byte Stream Services found for Nios II Console View",1588606142523
error,log,,,"Failed Executing: [nios2-download, '--cable=USB-Blaster on localhost [USB-0]', --device=1, --instance=0, --stop, --accept-bad-sysid, --sidp=Not Found] return code: 8",1588606146316
activated,workbench,org.eclipse.ui.workbench,3.7.1.v20120104-1859,"",1588606782156
deactivated,workbench,org.eclipse.ui.workbench,3.7.1.v20120104-1859,"",1588606788284
activated,workbench,org.eclipse.ui.workbench,3.7.1.v20120104-1859,"",1588606794665
executed,command,,,"com.altera.sbtgui.launch.hardware.Nios2HardwareLaunchShortcut.run",1588606795188
error,log,,,"No Byte Stream Services found for Nios II Console View",1588606802142
error,log,,,"Failed Executing: [nios2-download, '--cable=USB-Blaster on localhost [USB-0]', --device=1, --instance=0, --stop, --accept-bad-sysid, --sidp=Not Found] return code: 8",1588606805182
deactivated,workbench,org.eclipse.ui.workbench,3.7.1.v20120104-1859,"",1588607590061
activated,workbench,org.eclipse.ui.workbench,3.7.1.v20120104-1859,"",1588609996939
deactivated,workbench,org.eclipse.ui.workbench,3.7.1.v20120104-1859,"",1588609997102
activated,workbench,org.eclipse.ui.workbench,3.7.1.v20120104-1859,"",1588609999082
started,bundle,org.eclipse.cdt.mylyn.ui,3.6.0.v20110608-1400,"org.eclipse.cdt.mylyn.ui",1588609999202
closed,workbench,org.eclipse.ui.workbench,3.7.1.v20120104-1859,"",1588609999281
stopped,bundle,org.eclipse.cdt.build.crossgcc,1.0.2.201202111925,"org.eclipse.cdt.build.crossgcc",1588609999705
stopped,bundle,org.eclipse.cdt.codan.checkers.ui,1.0.0.201202111925,"org.eclipse.cdt.codan.checkers.ui",1588609999706
stopped,bundle,com.altera.debug.cdi.gdb.plugin,13.13.0.132,"com.altera.debug.cdi.gdb.plugin",1588609999708
stopped,bundle,com.altera.sbtgui.launch,13.13.0.132,"com.altera.sbtgui.launch",1588610000706
stopped,bundle,com.altera.sbtgui.ui,13.13.0.132,"com.altera.sbtgui.ui",1588610000710
stopped,bundle,com.altera.sbtgui.project,13.13.0.132,"com.altera.sbtgui.project",1588610000711
stopped,bundle,org.eclipse.cdt.codan.checkers,1.0.1.201202111925,"org.eclipse.cdt.codan.checkers",1588610000711
stopped,bundle,org.eclipse.cdt.codan.ui.cxx,2.0.0.201202111925,"org.eclipse.cdt.codan.ui.cxx",1588610000711
stopped,bundle,org.eclipse.cdt.codan.core.cxx,1.0.0.201202111925,"org.eclipse.cdt.codan.core.cxx",1588610000711
stopped,bundle,org.eclipse.cdt.launch.remote,2.3.0.201202111925,"org.eclipse.cdt.launch.remote",1588610000717
stopped,bundle,org.eclipse.cdt.debug.mi.ui,6.1.1.201202111925,"org.eclipse.cdt.debug.mi.ui",1588610000717
stopped,bundle,org.eclipse.cdt.debug.mi.core,7.1.1.201202111925,"org.eclipse.cdt.debug.mi.core",1588610000717
stopped,bundle,org.eclipse.cdt.debug.ui.memory.memorybrowser,1.2.100.201202111925,"org.eclipse.cdt.debug.ui.memory.memorybrowser",1588610000722
stopped,bundle,org.eclipse.cdt.debug.ui.memory.search,1.2.1.201202111925,"org.eclipse.cdt.debug.ui.memory.search",1588610000725
stopped,bundle,org.eclipse.cdt.dsf.gdb.ui,2.2.1.201202111925,"org.eclipse.cdt.dsf.gdb.ui",1588610000725
stopped,bundle,org.eclipse.cdt.dsf.ui,2.2.1.201202111925,"org.eclipse.cdt.dsf.ui",1588610000730
stopped,bundle,org.eclipse.cdt.gdb.ui,7.0.0.201202111925,"org.eclipse.cdt.gdb.ui",1588610000733
stopped,bundle,org.eclipse.cdt.dsf.gdb,4.0.2.201202111925,"org.eclipse.cdt.dsf.gdb",1588610000733
stopped,bundle,org.eclipse.cdt.launch,7.0.0.201202111925,"org.eclipse.cdt.launch",1588610000733
stopped,bundle,org.eclipse.cdt.debug.ui,7.1.2.201202111925,"org.eclipse.cdt.debug.ui",1588610000733
stopped,bundle,org.eclipse.cdt.debug.ui.memory.traditional,1.2.1.201202111925,"org.eclipse.cdt.debug.ui.memory.traditional",1588610000735
stopped,bundle,org.eclipse.cdt.dsf,2.2.0.201202111925,"org.eclipse.cdt.dsf",1588610000735
stopped,bundle,org.eclipse.cdt.debug.core,7.1.0.201202111925,"org.eclipse.cdt.debug.core",1588610000735
stopped,bundle,org.eclipse.linuxtools.cdt.autotools.ui,1.0.1.201202152032,"org.eclipse.linuxtools.cdt.autotools.ui",1588610000739
stopped,bundle,org.eclipse.linuxtools.cdt.autotools.core,1.0.2.201202152032,"org.eclipse.linuxtools.cdt.autotools.core",1588610000739
stopped,bundle,org.eclipse.cdt.managedbuilder.ui,8.0.2.201202111925,"org.eclipse.cdt.managedbuilder.ui",1588610000742
stopped,bundle,org.eclipse.cdt.make.ui,7.1.2.201202111925,"org.eclipse.cdt.make.ui",1588610000742
stopped,bundle,org.eclipse.cdt.managedbuilder.gnu.ui,8.0.2.201202111925,"org.eclipse.cdt.managedbuilder.gnu.ui",1588610000742
stopped,bundle,org.eclipse.cdt.msw.build,1.0.0.201202111925,"org.eclipse.cdt.msw.build",1588610000742
stopped,bundle,org.eclipse.cdt.managedbuilder.core,8.0.2.201202111925,"org.eclipse.cdt.managedbuilder.core",1588610000742
stopped,bundle,org.eclipse.cdt.make.core,7.1.2.201202111925,"org.eclipse.cdt.make.core",1588610000742
stopped,bundle,org.eclipse.cdt.mylyn.ui,3.6.0.v20110608-1400,"org.eclipse.cdt.mylyn.ui",1588610000742
stopped,bundle,org.eclipse.cdt.codan.ui,2.0.1.201202111925,"org.eclipse.cdt.codan.ui",1588610000743
stopped,bundle,com.altera.sbtgui.flash.plugin,13.13.0.132,"com.altera.sbtgui.flash.plugin",1588610000745
stopped,bundle,com.altera.sbtgui.gprof,13.13.0.132,"com.altera.sbtgui.gprof",1588610000746
stopped,bundle,com.altera.sbtgui.core,13.13.0.132,"com.altera.sbtgui.core",1588610000747
stopped,bundle,org.eclipse.cdt.ui,5.3.2.201202111925,"org.eclipse.cdt.ui",1588610000747
stopped,bundle,org.eclipse.cdt.core,5.3.2.201202111925,"org.eclipse.cdt.core",1588610000747
activated,perspective,com.altera.sbtgui.ui,,"com.altera.sbtgui.ui.cPerspective",1588851260602
started,bundle,org.eclipse.osgi,3.7.2.v20120110-1415,"org.eclipse.osgi",1588851260602
started,bundle,org.eclipse.equinox.simpleconfigurator,1.0.200.v20110815-1438,"org.eclipse.equinox.simpleconfigurator",1588851260602
started,bundle,com.ibm.icu,4.4.2.v20110823,"com.ibm.icu",1588851260618
started,bundle,org.eclipse.cdt.codan.checkers,1.0.1.201202111925,"org.eclipse.cdt.codan.checkers",1588851260619
started,bundle,org.eclipse.cdt.codan.core,2.0.0.201202111925,"org.eclipse.cdt.codan.core",1588851260619
started,bundle,org.eclipse.cdt.codan.core.cxx,1.0.0.201202111925,"org.eclipse.cdt.codan.core.cxx",1588851260619
started,bundle,org.eclipse.cdt.codan.ui.cxx,2.0.0.201202111925,"org.eclipse.cdt.codan.ui.cxx",1588851260619
started,bundle,org.eclipse.cdt.core,5.3.2.201202111925,"org.eclipse.cdt.core",1588851260619
started,bundle,org.eclipse.cdt.debug.core,7.1.0.201202111925,"org.eclipse.cdt.debug.core",1588851260631
started,bundle,org.eclipse.cdt.make.core,7.1.2.201202111925,"org.eclipse.cdt.make.core",1588851260634
started,bundle,org.eclipse.cdt.make.ui,7.1.2.201202111925,"org.eclipse.cdt.make.ui",1588851260639
started,bundle,org.eclipse.cdt.managedbuilder.core,8.0.2.201202111925,"org.eclipse.cdt.managedbuilder.core",1588851260643
started,bundle,org.eclipse.cdt.managedbuilder.gnu.ui,8.0.2.201202111925,"org.eclipse.cdt.managedbuilder.gnu.ui",1588851260647
started,bundle,org.eclipse.cdt.msw.build,1.0.0.201202111925,"org.eclipse.cdt.msw.build",1588851260649
started,bundle,org.eclipse.cdt.ui,5.3.2.201202111925,"org.eclipse.cdt.ui",1588851260649
started,bundle,org.eclipse.compare.core,3.5.200.I20110208-0800,"org.eclipse.compare.core",1588851260649
started,bundle,org.eclipse.core.contenttype,3.4.100.v20110423-0524,"org.eclipse.core.contenttype",1588851260649
started,bundle,org.eclipse.core.databinding.observable,1.4.0.I20110222-0800,"org.eclipse.core.databinding.observable",1588851260658
started,bundle,org.eclipse.core.expressions,3.4.300.v20110228,"org.eclipse.core.expressions",1588851260658
started,bundle,org.eclipse.core.filebuffers,3.5.200.v20110928-1504,"org.eclipse.core.filebuffers",1588851260658
started,bundle,org.eclipse.core.filesystem,1.3.100.v20110423-0524,"org.eclipse.core.filesystem",1588851260665
started,bundle,org.eclipse.core.jobs,3.5.101.v20120113-1953,"org.eclipse.core.jobs",1588851260671
started,bundle,org.eclipse.core.net,1.2.100.I20110511-0800,"org.eclipse.core.net",1588851260673
started,bundle,org.eclipse.core.resources,3.7.101.v20120125-1505,"org.eclipse.core.resources",1588851260677
started,bundle,org.eclipse.core.runtime,3.7.0.v20110110,"org.eclipse.core.runtime",1588851260680
started,bundle,org.eclipse.core.runtime.compatibility,3.2.100.v20100505,"org.eclipse.core.runtime.compatibility",1588851260683
started,bundle,org.eclipse.core.runtime.compatibility.auth,3.2.200.v20110110,"org.eclipse.core.runtime.compatibility.auth",1588851260685
started,bundle,org.eclipse.core.variables,3.2.500.v20110928-1503,"org.eclipse.core.variables",1588851260687
started,bundle,org.eclipse.debug.core,3.7.1.v20111129-2031,"org.eclipse.debug.core",1588851260690
started,bundle,org.eclipse.egit.core,1.3.0.201202151440-r,"org.eclipse.egit.core",1588851260691
started,bundle,org.eclipse.egit.ui,1.3.0.201202151440-r,"org.eclipse.egit.ui",1588851260695
started,bundle,org.eclipse.epp.mpc.ui,1.1.1.I20110907-0947,"org.eclipse.epp.mpc.ui",1588851260697
started,bundle,org.eclipse.epp.usagedata.gathering,1.3.1.R201106061540,"org.eclipse.epp.usagedata.gathering",1588851260698
started,bundle,org.eclipse.epp.usagedata.recording,1.3.1.R201106061540,"org.eclipse.epp.usagedata.recording",1588851260699
started,bundle,org.eclipse.equinox.app,1.3.100.v20110321,"org.eclipse.equinox.app",1588851260700
started,bundle,org.eclipse.equinox.common,3.6.0.v20110523,"org.eclipse.equinox.common",1588851260701
started,bundle,org.eclipse.equinox.ds,1.3.1.R37x_v20110701,"org.eclipse.equinox.ds",1588851260702
started,bundle,org.eclipse.equinox.event,1.2.100.v20110502,"org.eclipse.equinox.event",1588851260704
started,bundle,org.eclipse.equinox.p2.core,2.1.1.v20120113-1346,"org.eclipse.equinox.p2.core",1588851260705
started,bundle,org.eclipse.equinox.p2.directorywatcher,1.0.300.v20110815-1419,"org.eclipse.equinox.p2.directorywatcher",1588851260706
started,bundle,org.eclipse.equinox.p2.engine,2.1.1.R37x_v20111003,"org.eclipse.equinox.p2.engine",1588851260707
started,bundle,org.eclipse.equinox.p2.metadata,2.1.0.v20110815-1419,"org.eclipse.equinox.p2.metadata",1588851260708
started,bundle,org.eclipse.equinox.p2.metadata.repository,1.2.0.v20110815-1419,"org.eclipse.equinox.p2.metadata.repository",1588851260709
started,bundle,org.eclipse.equinox.p2.operations,2.1.1.R37x_v20111111,"org.eclipse.equinox.p2.operations",1588851260711
started,bundle,org.eclipse.equinox.p2.reconciler.dropins,1.1.100.v20110815-1419,"org.eclipse.equinox.p2.reconciler.dropins",1588851260712
started,bundle,org.eclipse.equinox.p2.repository,2.1.1.v20120113-1346,"org.eclipse.equinox.p2.repository",1588851260713
started,bundle,org.eclipse.equinox.p2.ui.sdk.scheduler,1.0.100.v20110815-1419,"org.eclipse.equinox.p2.ui.sdk.scheduler",1588851260714
started,bundle,org.eclipse.equinox.p2.updatechecker,1.1.200.v20110815-1419,"org.eclipse.equinox.p2.updatechecker",1588851260715
started,bundle,org.eclipse.equinox.preferences,3.4.2.v20120111-2020,"org.eclipse.equinox.preferences",1588851260716
started,bundle,org.eclipse.equinox.registry,3.5.101.R37x_v20110810-1611,"org.eclipse.equinox.registry",1588851260717
started,bundle,org.eclipse.equinox.security,1.1.1.R37x_v20110822-1018,"org.eclipse.equinox.security",1588851260719
started,bundle,org.eclipse.equinox.util,1.0.300.v20110502,"org.eclipse.equinox.util",1588851260720
started,bundle,org.eclipse.help,3.5.100.v20110426,"org.eclipse.help",1588851260721
started,bundle,org.eclipse.jface,3.7.0.v20110928-1505,"org.eclipse.jface",1588851260722
started,bundle,org.eclipse.jgit,1.3.0.201202151440-r,"org.eclipse.jgit",1588851260723
started,bundle,org.eclipse.jsch.core,1.1.300.I20110514-0800,"org.eclipse.jsch.core",1588851260724
started,bundle,org.eclipse.linuxtools.cdt.autotools.core,1.0.2.201202152032,"org.eclipse.linuxtools.cdt.autotools.core",1588851260726
started,bundle,org.eclipse.ltk.core.refactoring,3.5.201.r372_v20111101-0700,"org.eclipse.ltk.core.refactoring",1588851260727
started,bundle,org.eclipse.ltk.ui.refactoring,3.6.0.v20110928-1453,"org.eclipse.ltk.ui.refactoring",1588851260728
started,bundle,org.eclipse.mylyn.bugzilla.core,3.6.5.v20120123-0100,"org.eclipse.mylyn.bugzilla.core",1588851260731
started,bundle,org.eclipse.mylyn.bugzilla.ui,3.6.0.v20110608-1400,"org.eclipse.mylyn.bugzilla.ui",1588851260731
started,bundle,org.eclipse.mylyn.commons.identity,0.8.0.v20110608-1400,"org.eclipse.mylyn.commons.identity",1588851260732
started,bundle,org.eclipse.mylyn.commons.net,3.6.0.v20110608-1400,"org.eclipse.mylyn.commons.net",1588851260732
started,bundle,org.eclipse.mylyn.commons.ui,3.6.1.v20110720-0100,"org.eclipse.mylyn.commons.ui",1588851260733
started,bundle,org.eclipse.mylyn.context.core,3.6.1.v20110720-0100,"org.eclipse.mylyn.context.core",1588851260734
started,bundle,org.eclipse.mylyn.context.ui,3.6.1.v20120112-0100,"org.eclipse.mylyn.context.ui",1588851260736
started,bundle,org.eclipse.mylyn.monitor.ui,3.6.0.v20110608-1400,"org.eclipse.mylyn.monitor.ui",1588851260737
started,bundle,org.eclipse.mylyn.tasks.ui,3.6.5.v20120215-0100,"org.eclipse.mylyn.tasks.ui",1588851260739
started,bundle,org.eclipse.mylyn.team.ui,3.6.1.v20110825-0100,"org.eclipse.mylyn.team.ui",1588851260739
started,bundle,org.eclipse.search,3.7.0.v20110928-1504,"org.eclipse.search",1588851260742
started,bundle,org.eclipse.team.core,3.6.0.I20110525-0800,"org.eclipse.team.core",1588851260743
started,bundle,org.eclipse.team.cvs.core,3.3.400.I20110510-0800,"org.eclipse.team.cvs.core",1588851260745
started,bundle,org.eclipse.team.cvs.ui,3.3.401.v20120126-1227,"org.eclipse.team.cvs.ui",1588851260746
started,bundle,org.eclipse.team.ui,3.6.101.R37x_v20111109-0800,"org.eclipse.team.ui",1588851260748
started,bundle,org.eclipse.ui,3.7.0.v20110928-1505,"org.eclipse.ui",1588851260750
started,bundle,org.eclipse.ui.console,3.5.100.v20111007_r372,"org.eclipse.ui.console",1588851260759
started,bundle,org.eclipse.ui.editors,3.7.0.v20110928-1504,"org.eclipse.ui.editors",1588851260759
started,bundle,org.eclipse.ui.forms,3.5.101.v20111011-1919,"org.eclipse.ui.forms",1588851260760
started,bundle,org.eclipse.ui.ide,3.7.0.v20110928-1505,"org.eclipse.ui.ide",1588851260763
started,bundle,org.eclipse.ui.navigator,3.5.101.v20120106-1355,"org.eclipse.ui.navigator",1588851260764
started,bundle,org.eclipse.ui.navigator.resources,3.4.300.v20110928-1505,"org.eclipse.ui.navigator.resources",1588851260765
started,bundle,org.eclipse.ui.net,1.2.100.v20111208-1155,"org.eclipse.ui.net",1588851260765
started,bundle,org.eclipse.ui.views,3.6.0.v20110928-1505,"org.eclipse.ui.views",1588851260767
started,bundle,org.eclipse.ui.workbench,3.7.1.v20120104-1859,"org.eclipse.ui.workbench",1588851260768
started,bundle,org.eclipse.ui.workbench.texteditor,3.7.0.v20110928-1504,"org.eclipse.ui.workbench.texteditor",1588851260770
started,bundle,org.eclipse.update.configurator,3.3.100.v20100512,"org.eclipse.update.configurator",1588851260771
started,bundle,org.eclipse.update.core,3.2.500.v20110330,"org.eclipse.update.core",1588851260773
started,bundle,org.eclipse.update.scheduler,3.2.300.v20100512,"org.eclipse.update.scheduler",1588851260773
started,bundle,com.altera.sbtgui.integration,13.13.0.132,"com.altera.sbtgui.integration",1588851260774
started,bundle,com.altera.sbtgui.project,13.13.0.132,"com.altera.sbtgui.project",1588851260774
started,bundle,com.altera.systemconsole,13.13.0.132,"com.altera.systemconsole",1588851260775
started,bundle,com.altera.systemconsole.designs.plugin,13.13.0.132,"com.altera.systemconsole.designs.plugin",1588851260775
started,bundle,com.altera.utilities,13.13.0.132,"com.altera.utilities",1588851260776
os,sysinfo,,,"win32",1588851260778
arch,sysinfo,,,"x86",1588851260778
ws,sysinfo,,,"win32",1588851260778
locale,sysinfo,,,"en_US",1588851260778
processors,sysinfo,,,"4",1588851260778
java.runtime.name,sysinfo,,,"Java(TM) SE Runtime Environment",1588851260778
java.runtime.version,sysinfo,,,"1.6.0_23-b05",1588851260778
java.specification.name,sysinfo,,,"Java Platform API Specification",1588851260778
java.specification.vendor,sysinfo,,,"Sun Microsystems Inc.",1588851260778
java.specification.version,sysinfo,,,"1.6",1588851260778
java.vendor,sysinfo,,,"Sun Microsystems Inc.",1588851260778
java.version,sysinfo,,,"1.6.0_23",1588851260778
java.vm.info,sysinfo,,,"mixed mode",1588851260778
java.vm.name,sysinfo,,,"Java HotSpot(TM) Client VM",1588851260778
java.vm.specification.name,sysinfo,,,"Java Virtual Machine Specification",1588851260778
java.vm.specification.vendor,sysinfo,,,"Sun Microsystems Inc.",1588851260778
java.vm.specification.version,sysinfo,,,"1.0",1588851260778
java.vm.vendor,sysinfo,,,"Sun Microsystems Inc.",1588851260778
java.vm.version,sysinfo,,,"19.0-b09",1588851260778
started,bundle,com.altera.sbtgui.launch,13.13.0.132,"com.altera.sbtgui.launch",1588851263415
opened,view,org.eclipse.ui.ide,3.7.0.v20110928-1505,"org.eclipse.ui.views.ProblemView",1588851264357
deactivated,workbench,org.eclipse.ui.workbench,3.7.1.v20120104-1859,"",1588851282001
activated,workbench,org.eclipse.ui.workbench,3.7.1.v20120104-1859,"",1588851282833
deactivated,workbench,org.eclipse.ui.workbench,3.7.1.v20120104-1859,"",1588851283153
activated,workbench,org.eclipse.ui.workbench,3.7.1.v20120104-1859,"",1588851286670
activated,view,org.eclipse.ui.navigator.resources,3.4.300.v20110928-1505,"org.eclipse.ui.navigator.ProjectExplorer",1588851292274
started,bundle,com.altera.sbtgui.core,13.13.0.132,"com.altera.sbtgui.core",1588851292416
started,bundle,org.eclipse.compare,3.5.202.R37x_v20111109-0800,"org.eclipse.compare",1588851292602
started,bundle,org.eclipse.debug.ui,3.7.102.v20111129-1423_r372,"org.eclipse.debug.ui",1588851295237
started,bundle,org.eclipse.cdt.debug.ui,7.1.2.201202111925,"org.eclipse.cdt.debug.ui",1588851295258
deactivated,workbench,org.eclipse.ui.workbench,3.7.1.v20120104-1859,"",1588851297287
activated,workbench,org.eclipse.ui.workbench,3.7.1.v20120104-1859,"",1588851304154
executed,command,,,"com.altera.sbtgui.launch.hardware.Nios2HardwareLaunchShortcut.run",1588851304937
started,bundle,org.eclipse.cdt.launch,7.0.0.201202111925,"org.eclipse.cdt.launch",1588851304947
deactivated,workbench,org.eclipse.ui.workbench,3.7.1.v20120104-1859,"",1588851308184
error,log,,,"No Byte Stream Services found for Nios II Console View",1588851313673
started,bundle,org.eclipse.cdt.debug.mi.ui,6.1.1.201202111925,"org.eclipse.cdt.debug.mi.ui",1588851313915
started,bundle,org.eclipse.cdt.dsf,2.2.0.201202111925,"org.eclipse.cdt.dsf",1588851313924
started,bundle,org.eclipse.cdt.dsf.gdb,4.0.2.201202111925,"org.eclipse.cdt.dsf.gdb",1588851313924
started,bundle,org.eclipse.cdt.dsf.gdb.ui,2.2.1.201202111925,"org.eclipse.cdt.dsf.gdb.ui",1588851313931
started,bundle,org.eclipse.cdt.debug.mi.core,7.1.1.201202111925,"org.eclipse.cdt.debug.mi.core",1588851313946
error,log,,,"Failed Executing: [nios2-download, '--cable=USB-Blaster on localhost [USB-0]', --device=1, --instance=0, --stop, --accept-bad-sysid, --sidp=Not Found] return code: 8",1588851317382
activated,workbench,org.eclipse.ui.workbench,3.7.1.v20120104-1859,"",1588851327867
deactivated,workbench,org.eclipse.ui.workbench,3.7.1.v20120104-1859,"",1588851328185
activated,workbench,org.eclipse.ui.workbench,3.7.1.v20120104-1859,"",1588851628191
deactivated,workbench,org.eclipse.ui.workbench,3.7.1.v20120104-1859,"",1588851637259
activated,workbench,org.eclipse.ui.workbench,3.7.1.v20120104-1859,"",1588851655079
activated,editor,org.eclipse.cdt.ui,5.3.2.201202111925,"org.eclipse.cdt.ui.editor.CEditor",1588851655322
deactivated,workbench,org.eclipse.ui.workbench,3.7.1.v20120104-1859,"",1588851656730
activated,workbench,org.eclipse.ui.workbench,3.7.1.v20120104-1859,"",1588852240589
activated,view,org.eclipse.ui.navigator.resources,3.4.300.v20110928-1505,"org.eclipse.ui.navigator.ProjectExplorer",1588852247989
deactivated,workbench,org.eclipse.ui.workbench,3.7.1.v20120104-1859,"",1588852251517
activated,workbench,org.eclipse.ui.workbench,3.7.1.v20120104-1859,"",1588852259425
executed,command,,,"com.altera.sbtgui.launch.hardware.Nios2HardwareLaunchShortcut.run",1588852260078
error,log,,,"No Byte Stream Services found for Nios II Console View",1588852268283
error,log,,,"Failed Executing: [nios2-download, '--cable=USB-Blaster on localhost [USB-0]', --device=1, --instance=0, --stop, --accept-bad-sysid, --sidp=Not Found] return code: 8",1588852271404
deactivated,workbench,org.eclipse.ui.workbench,3.7.1.v20120104-1859,"",1588852406612
activated,workbench,org.eclipse.ui.workbench,3.7.1.v20120104-1859,"",1588852414071
deactivated,workbench,org.eclipse.ui.workbench,3.7.1.v20120104-1859,"",1588852418451
executed,command,,,"com.altera.sbtgui.launch.hardware.Nios2HardwareLaunchShortcut.run",1588852433796
error,log,,,"No Byte Stream Services found for Nios II Console View",1588852449754
error,log,,,"Failed Executing: [nios2-download, '--cable=USB-Blaster on localhost [USB-0]', --device=1, --instance=0, --stop, --accept-bad-sysid, --sidp=Not Found] return code: 8",1588852454151
activated,workbench,org.eclipse.ui.workbench,3.7.1.v20120104-1859,"",1588853226212
deactivated,workbench,org.eclipse.ui.workbench,3.7.1.v20120104-1859,"",1588853226957
activated,workbench,org.eclipse.ui.workbench,3.7.1.v20120104-1859,"",1588853302421
deactivated,workbench,org.eclipse.ui.workbench,3.7.1.v20120104-1859,"",1588853311741
activated,workbench,org.eclipse.ui.workbench,3.7.1.v20120104-1859,"",1588853319495
deactivated,workbench,org.eclipse.ui.workbench,3.7.1.v20120104-1859,"",1588853327220
activated,workbench,org.eclipse.ui.workbench,3.7.1.v20120104-1859,"",1588853335197
executed,command,,,"com.altera.sbtgui.launch.hardware.Nios2HardwareLaunchShortcut.run",1588853335790
deactivated,workbench,org.eclipse.ui.workbench,3.7.1.v20120104-1859,"",1588853341343
error,log,,,"No Byte Stream Services found for Nios II Console View",1588853347233
error,log,,,"Failed Executing: [nios2-download, '--cable=USB-Blaster on localhost [USB-0]', --device=1, --instance=0, --stop, --accept-bad-sysid, --sidp=Not Found] return code: 8",1588853351788
activated,workbench,org.eclipse.ui.workbench,3.7.1.v20120104-1859,"",1588854923476
deactivated,workbench,org.eclipse.ui.workbench,3.7.1.v20120104-1859,"",1588854925255
activated,workbench,org.eclipse.ui.workbench,3.7.1.v20120104-1859,"",1588854970059
deactivated,workbench,org.eclipse.ui.workbench,3.7.1.v20120104-1859,"",1588854975050
executed,command,,,"com.altera.sbtgui.launch.hardware.Nios2HardwareLaunchShortcut.run",1588854982760
error,log,,,"No Byte Stream Services found for Nios II Console View",1588854990070
error,log,,,"Failed Executing: [nios2-download, '--cable=USB-Blaster on localhost [USB-0]', --device=1, --instance=0, --stop, --accept-bad-sysid, --sidp=Not Found] return code: 8",1588854993068
activated,workbench,org.eclipse.ui.workbench,3.7.1.v20120104-1859,"",1588855238417
deactivated,workbench,org.eclipse.ui.workbench,3.7.1.v20120104-1859,"",1588855239159
activated,workbench,org.eclipse.ui.workbench,3.7.1.v20120104-1859,"",1588855274897
deactivated,workbench,org.eclipse.ui.workbench,3.7.1.v20120104-1859,"",1588855278153
executed,command,,,"com.altera.sbtgui.launch.hardware.Nios2HardwareLaunchShortcut.run",1588855285640
error,log,,,"No Byte Stream Services found for Nios II Console View",1588855293529
error,log,,,"Failed Executing: [nios2-download, '--cable=USB-Blaster on localhost [USB-0]', --device=1, --instance=0, --stop, --accept-bad-sysid, --sidp=Not Found] return code: 8",1588855296564
error,log,,,"Failed Executing: [nios2-download, '--cable=USB-Blaster on localhost [USB-0]', --device=1, --instance=0, --go, --accept-bad-sysid, /cygdrive/c/altera/13.0sp1/nios_led/software/uart_handler/uart_handler.elf] return code: 8",1588855301695
error,log,,,"Downloading ELF Process failed",1588855301697
activated,workbench,org.eclipse.ui.workbench,3.7.1.v20120104-1859,"",1588855372920
deactivated,workbench,org.eclipse.ui.workbench,3.7.1.v20120104-1859,"",1588855375540
activated,workbench,org.eclipse.ui.workbench,3.7.1.v20120104-1859,"",1588855455292
deactivated,workbench,org.eclipse.ui.workbench,3.7.1.v20120104-1859,"",1588855460465
executed,command,,,"com.altera.sbtgui.launch.hardware.Nios2HardwareLaunchShortcut.run",1588855469517
activated,workbench,org.eclipse.ui.workbench,3.7.1.v20120104-1859,"",1588855480786
deactivated,workbench,org.eclipse.ui.workbench,3.7.1.v20120104-1859,"",1588855481033
error,log,,,"No Byte Stream Services found for Nios II Console View",1588855492451
error,log,,,"Failed Executing: [nios2-download, '--cable=USB-Blaster on localhost [USB-0]', --device=1, --instance=0, --stop, --accept-bad-sysid, --sidp=Not Found] return code: 8",1588855495719
activated,workbench,org.eclipse.ui.workbench,3.7.1.v20120104-1859,"",1588859169517
deactivated,workbench,org.eclipse.ui.workbench,3.7.1.v20120104-1859,"",1588859173740
executed,command,,,"com.altera.sbtgui.launch.hardware.Nios2HardwareLaunchShortcut.run",1588859181494
error,log,,,"No Byte Stream Services found for Nios II Console View",1588859189026
error,log,,,"Failed Executing: [nios2-download, '--cable=USB-Blaster on localhost [USB-0]', --device=1, --instance=0, --stop, --accept-bad-sysid, --sidp=Not Found] return code: 8",1588859192081
error,log,,,"Failed Executing: [nios2-download, '--cable=USB-Blaster on localhost [USB-0]', --device=1, --instance=0, --go, --accept-bad-sysid, /cygdrive/c/altera/13.0sp1/nios_led/software/uart_handler/uart_handler.elf] return code: 8",1588859197308
error,log,,,"Downloading ELF Process failed",1588859197308
activated,workbench,org.eclipse.ui.workbench,3.7.1.v20120104-1859,"",1588859237401
